country,alias
,African
,Global
,Health
,Review
,Africans
,Study
,Analysis
,Cancer
,Care
,Genetic
,Risk
,Disease
,East
,Insights
,Systematic
,Data
,Evolutionary
,Exploring
,Impact
,Population
,Rethinking
,Reveals
,Sub-Saharan
,Tuberculosis
,Epidemiology
,African-PREDICT
,Association
,Between
,Climate
,Clinical
,Diversity
,From
,Incidence
,Markers
,National
,North
,Patterns
,Prevalence
,Regional
,Systems
,Using
,Virus
,With
,Addressing
,Among
,Ancestry
,Cardiovascular
,Countries
,Economic
,European
,Genomic
,HIV-
,Machine
,Maternal
,Models
,Populations
,Scoping
,South
,Trends
,Women
,Acute
,Adults
,Advancements
,Aedes
,America
,Artificial
,Beyond
,Blood
,Bridging
,Burden
,Change
,Children
,Cohort
,Colorectal
,Community
,Comparative
,Comparison
,Congo
,Desert
,Development
,Diseases
,Disparities
,Ecological
,Editorial
,Evaluating
,Evidence
,Factors
,Future
,Genome
,History
,Implications
,Integrating
,International
,Learning
,Living
,Management
,Middle-Income
,Model
,Mortality
,Narrative
,Need
,Performance
,Phylogenetic
,Primary
,Profiles
,Research
,Sahara
,Settings
,Subtype
,Sustainable
,Symptoms
,Traits
,Treatment
,Type
,Validation
,Young
,Adoption
,Advancing
,Alzheimer's
,Anemia
,Antenatal
,Approach
,Asian
,Assessment
,Associated
,Associations
,Atlantic
,Based
,Best
,Biomarkers
,Brazil
,COVID-
,Cape
,Challenges
,Common
,Communal
,Concentrations
,Context
,Critical
,Database
,Delivery
,Dementia
,Diabetes
,Diagnosis
,Diagnostic
,Differences
,Distribution
,Drivers
,Drug
,Dust
,Ellisras
,Endangered
,Endothelial
,Environments
,Estimating
,Evolution
,Expansion
,Exposed
,Feasibility
,Feedlot
,Fever
,Food
,Foot
,Function
,GLOBOCAN
,Gaps
,Gene
,Genetics
,Geographical
,Green
,HIV-infected
,Healthcare
,Heart
,Homo
,Host
,Hybrid
,Identification
,Immunization
,Impacts
,Improving
,Inclusion
,Independent
,Index
,Infectious
,Inflammation
,Intake
,Integrated
,Intelligence
,J-Lat
,Kidney
,Knowing
,LMICs
,Lens
,Limited
,Lineages
,Link
,Low-
,Malaria
,Male
,Mental
